N;lv;E_1;S;M;T
14;0;-2.7553699522511437;0;-6.;1155
14;0;-2.7653171361939783;0;-4.;1155
14;0;-2.7852115040803156;0;-2.;1155
14;0;-2.735475584364025;0;-2.;1155
14;0;-2.705634032534519;1.;-3.999999999999999;1155
14;0;-2.864788975626446;0;0;1155
14;0;-2.7454227683075274;0;0;1155
14;0;-2.705634032534519;1.0000000000000002;-2.000000000000001;1155
14;0;-2.7852115040803156;0;2.;1155
14;0;-2.735475584364025;0;2.;1155
14;0;-2.7056340325348955;0.9999999999999998;0;1155
14;0;-2.7056340325341424;0.9999999999999998;0;1155
14;0;-2.7653171361939854;0;4.0000000000000036;1155
14;0;-2.705634032534519;1.0000000000000002;2.;1155
14;0;-2.7553699522511437;0;6.;1155
14;0;-2.705634032534519;1.;4.000000000000001;1155
14;1;-2.6857396646491267;0;-8.999999999999998;1224
14;1;-2.766734392070269;0;-7.000000000000002;1224
14;1;-2.6733741733672503;0;-6.999999999999998;1224
14;1;-2.6444651843539546;0;-6.999999999999996;1224
14;1;-2.6260565609896744;1.0000000000000002;-9.000000000000002;1224
14;1;-2.8088755877895366;0;-5.;1224
14;1;-2.739118288050605;0;-4.999999999999998;1224
14;1;-2.70687703950054;0;-4.999999999999997;1224
14;1;-2.6871352806403195;0;-5.000000000000002;1224
14;1;-2.6617998221663086;0;-5.000000000000002;1224
14;1;-2.5827490533360518;0;-5.000000000000002;1224
14;1;-2.678918369236591;0.9999999999999998;-6.999999999999997;1224
14;1;-2.6437587513140954;1.0000000000000002;-7.000000000000001;1224
14;1;-2.6079797807958442;1.0000000000000002;-7.000000000000002;1224
14;1;-2.583516526555705;1.0000000000000004;-7.0000000000000036;1224
14;1;-2.8250136956586474;0;-3.000000000000001;1224
14;1;-2.780016183500173;0;-3.0000000000000013;1224
14;1;-2.7554199057482975;0;-3.;1224
14;1;-2.7322074720310425;0;-3.000000000000002;1224
14;1;-2.7149627144533923;0;-3.000000000000001;1224
14;1;-2.6889701609030254;0;-3.0000000000000018;1224
14;1;-2.6677581604685514;0;-2.9999999999999996;1224
14;1;-2.6504394785534444;0;-2.9999999999999996;1224
14;1;-2.5931148291774875;0;-2.999999999999999;1224
14;1;-2.7073690000433785;0.9999999999999998;-4.999999999999999;1224
14;1;-2.7024054585576636;1.0000000000000002;-5.000000000000003;1224
14;1;-2.665965477104834;0.9999999999999998;-4.999999999999998;1224
14;1;-2.640531958521784;1.0000000000000007;-5.000000000000005;1224
14;1;-2.6223951068443156;1.0000000000000002;-5.000000000000002;1224
14;1;-2.6131983498189584;0.9999999999999991;-4.999999999999994;1224
14;1;-2.5744117247311564;1.0000000000000002;-5.;1224
14;1;-2.5617528838411516;0.9999999999999998;-4.999999999999997;1224
14;1;-2.8082188343303898;0;-0.9999999999999996;1224
14;1;-2.7705364907705956;0;-1.;1224
14;1;-2.768116799190011;0;-1.0000000000000007;1224
14;1;-2.753178538953101;0;-0.9999999999999996;1224
14;1;-2.744204572107634;0;-1.;1224
14;1;-2.710954017486415;0;-1.;1224
14;1;-2.7042840388728564;0;-0.9999999999999997;1224
14;1;-2.6721077909919373;0;-0.9999999999999998;1224
14;1;-2.642539125328966;0;-1.;1224
14;1;-2.6203167375282277;0;-1.0000000000000007;1224
14;1;-2.609792944090131;0;-0.9999999999999994;1224
14;1;-2.7370583426732793;1.0000000000000007;-3.000000000000003;1224
14;1;-2.706660652453948;0.9999999999999993;-2.999999999999997;1224
14;1;-2.697107531239439;1.0000000000000002;-3.000000000000001;1224
14;1;-2.681094982255118;1.0000000000000007;-3.000000000000003;1224
14;1;-2.6707241510787227;1.0000000000000002;-3.000000000000001;1224
14;1;-2.6493883801044973;1.0000000000000007;-3.0000000000000036;1224
14;1;-2.6354681407757354;0.9999999999999998;-2.9999999999999982;1224
14;1;-2.6281479313427667;1.000000000000001;-3.0000000000000053;1224
14;1;-2.5965571406527204;1.0000000000000007;-3.0000000000000027;1224
14;1;-2.588428103468864;0.9999999999999998;-2.999999999999999;1224
14;1;-2.5706420140356343;0.9999999999999998;-2.999999999999999;1224
14;1;-2.5503450406599555;0.9999999999999998;-2.9999999999999996;1224
14;1;-2.5166375376135903;2.;5.;1224
14;1;-2.808218834330397;0;1.0000000000000004;1224
14;1;-2.7705364907705885;0;0.9999999999999996;1224
14;1;-2.768116799190011;0;1.0000000000000002;1224
14;1;-2.753178538953101;0;1.0000000000000002;1224
14;1;-2.744204572107641;0;1.;1224
14;1;-2.710954017486415;0;0.9999999999999998;1224
14;1;-2.7042840388728564;0;1.;1224
14;1;-2.6721077909919373;0;1.0000000000000004;1224
14;1;-2.642539125328966;0;1.;1224
14;1;-2.6203167375282277;0;1.0000000000000004;1224
14;1;-2.609792944090131;0;1.0000000000000004;1224
14;1;-2.7308152241474914;0.9999999999999998;-0.9999999999999996;1224
14;1;-2.7283804242467866;1.0000000000000002;-1.0000000000000002;1224
14;1;-2.702023924970419;1.0000000000000002;-1.0000000000000004;1224
14;1;-2.691421554804606;1.0000000000000002;-1.0000000000000002;1224
14;1;-2.6742424417012174;0.9999999999999998;-0.9999999999999998;1224
14;1;-2.658628414186964;0.9999999999999996;-0.9999999999999993;1224
14;1;-2.6456066914243053;1.0000000000000007;-1.000000000000001;1224
14;1;-2.626056560989902;1.;-1.;1224
14;1;-2.6256209071950636;1.;-1.;1224
14;1;-2.611350950469813;1.;-1.0000000000000002;1224
14;1;-2.5906407732978636;1.;-0.9999999999999999;1224
14;1;-2.576429547100169;1.0000000000000007;-1.0000000000000009;1224
14;1;-2.6260565609896744;1.0000000000000002;9.000000000000004;1224
14;1;-2.550365427304712;0.9999999999999993;-0.9999999999999993;1224
14;1;-2.54220550693757;1.;-1.;1224
14;1;-2.476848801841186;2.;3.;1224
14;1;-2.526584721557498;2.0000000000000004;3.000000000000001;1224
14;1;-2.8250136956586474;0;3.;1224
14;1;-2.780016183500173;0;3.;1224
14;1;-2.7554199057482975;0;3.;1224
14;1;-2.7322074720310425;0;2.999999999999999;1224
14;1;-2.5166375376135974;2.0000000000000027;-5.000000000000012;1224
14;1;-2.7149627144533923;0;3.0000000000000013;1224
14;1;-2.6889701609030254;0;3.0000000000000013;1224
14;1;-2.6677581604685514;0;2.999999999999999;1224
14;1;-2.6504394785534444;0;2.9999999999999996;1224
14;1;-2.5931148291774946;0;3.0000000000000013;1224
14;1;-2.7308152241474914;1.0000000000000002;1.0000000000000004;1224
14;1;-2.7283804242467866;1.0000000000000009;1.0000000000000013;1224
14;1;-2.702023924970419;0.9999999999999998;0.9999999999999993;1224
14;1;-2.691421554804606;1.0000000000000002;1.0000000000000004;1224
14;1;-2.6742424417012174;1.;1.;1224
14;1;-2.658628414186964;0.9999999999999993;0.9999999999999991;1224
14;1;-2.645606691424298;1.;1.;1224
14;1;-2.626056560989909;1.0000000000000009;1.0000000000000013;1224
14;1;-2.6256209071950636;1.0000000000000002;1.0000000000000002;1224
14;1;-2.583516526555705;1.0000000000000002;7.000000000000001;1224
14;1;-2.611350950469813;1.;1.;1224
14;1;-2.6079797807958442;0.9999999999999998;6.999999999999998;1224
14;1;-2.5906407732978636;0.9999999999999998;0.9999999999999998;1224
14;1;-2.576429547100169;0.9999999999999998;0.9999999999999993;1224
14;1;-2.6437587513140954;1.0000000000000004;7.000000000000005;1224
14;1;-2.550365427304712;1.0000000000000002;1.;1224
14;1;-2.5422055069375773;1.0000000000000004;1.0000000000000007;1224
14;1;-2.678918369236591;1.0000000000000002;7.000000000000002;1224
14;1;-2.6857396646491267;0;8.999999999999993;1224
14;1;-2.486795985784127;2.000000000000001;1.0000000000000004;1224
14;1;-2.486795985784731;2.;1.;1224
14;1;-2.5464790894437925;1.9999999999999996;0.9999999999999998;1224
14;1;-2.8088755877895366;0;5.000000000000004;1224
14;1;-2.739118288050605;0;4.999999999999995;1224
14;1;-2.526584721557498;2.0000000000000018;-3.0000000000000044;1224
14;1;-2.70687703950054;0;4.999999999999994;1224
14;1;-2.6871352806403124;0;4.9999999999999964;1224
14;1;-2.476848801841186;2.000000000000001;-3.0000000000000018;1224
14;1;-2.6617998221663086;0;5.;1224
14;1;-2.5827490533360518;0;5.0000000000000036;1224
14;1;-2.737058342673272;0.9999999999999998;2.9999999999999987;1224
14;1;-2.706660652453948;0.9999999999999993;2.9999999999999982;1224
14;1;-2.697107531239439;1.0000000000000002;3.0000000000000004;1224
14;1;-2.681094982255118;1.0000000000000002;3.0000000000000004;1224
14;1;-2.6707241510787227;1.0000000000000002;3.0000000000000018;1224
14;1;-2.6493883801044973;1.;2.9999999999999996;1224
14;1;-2.5617528838411516;1.0000000000000002;5.000000000000002;1224
14;1;-2.6354681407757354;0.9999999999999998;2.999999999999999;1224
14;1;-2.6281479313427596;1.0000000000000007;3.0000000000000036;1224
14;1;-2.5744117247311564;0.9999999999999998;4.999999999999997;1224
14;1;-2.5965571406527204;1.0000000000000007;3.000000000000002;1224
14;1;-2.588428103468864;1.;3.;1224
14;1;-2.6131983498189655;0.9999999999999998;5.;1224
14;1;-2.6223951068443156;0.9999999999999998;4.999999999999998;1224
14;1;-2.5706420140356343;1.;3.;1224
14;1;-2.640531958521777;1.;5.;1224
14;1;-2.5503450406599555;1.;3.;1224
14;1;-2.665965477104841;1.0000000000000007;5.000000000000005;1224
14;1;-2.7024054585576636;0.9999999999999996;4.9999999999999964;1224
14;1;-2.7073690000433785;1.;5.;1224
14;1;-2.6444651843539546;0;6.999999999999997;1224
14;1;-2.6733741733672503;0;7.0000000000000036;1224
14;1;-2.486795985784127;2.;-1.;1224
14;1;-2.486795985784731;2.;-1.;1224
14;1;-2.5464790894437925;2.0000000000000004;-1.0000000000000004;1224
14;1;-2.766734392070269;0;7.000000000000001;1224
14;1;-2.7056340325358974;1.;-1.;1224
14;1;-2.7056340325358974;0.9999999999999998;0.9999999999999997;1224
14;2;-2.661420481613618;0;-11.999999999999986;1295
14;2;-2.5819888544166503;0;-12.000000000000009;1295
14;2;-2.7133791773638123;0;-10.;1295
14;2;-2.675989378292549;0;-10.000000000000002;1295
14;2;-2.6347508068340773;0;-9.999999999999998;1295
14;2;-2.6079768910106225;0;-10.000000000000002;1295
14;2;-2.5715470330325942;0;-9.999999999999995;1295
14;2;-2.5626432633524274;0.9999999999999993;-11.99999999999999;1295
14;2;-2.762155936225092;0;-8.000000000000005;1295
14;2;-2.7435947491985146;0;-8.000000000000002;1295
14;2;-2.713075375822335;0;-7.999999999999999;1295
14;2;-2.6865504042208315;0;-8.000000000000007;1295
14;2;-2.6729144903084503;0;-7.999999999999998;1295
14;2;-2.666585097761889;0;-8.000000000000004;1295
14;2;-2.6479274620779734;0;-7.999999999999995;1295
14;2;-2.6344410783573338;0;-7.9999999999999964;1295
14;2;-2.6241762479240123;0;-8.000000000000007;1295
14;2;-2.606254489226181;0;-8.000000000000005;1295
14;2;-2.579292676170809;0;-8.000000000000005;1295
14;2;-2.551107885589836;0;-7.999999999999996;1295
14;2;-2.541028775436125;0;-7.999999999999992;1295
14;2;-2.523272777834002;0;-7.999999999999995;1295
14;2;-2.4620955305695063;0;-7.9999999999999964;1295
14;2;-2.6343570588816476;0.9999999999999993;-9.99999999999999;1295
14;2;-2.595591029290439;0.9999999999999998;-9.999999999999996;1295
14;2;-2.58884884961185;0.9999999999999996;-9.999999999999993;1295
14;2;-2.5465760952473744;0.9999999999999998;-9.999999999999995;1295
14;2;-2.5362734278074512;1.0000000000000004;-10.000000000000007;1295
14;2;-2.4928640891692453;1.0000000000000007;-10.000000000000009;1295
14;2;-2.807495838937726;0;-6.000000000000005;1295
14;2;-2.771200083591367;0;-6.000000000000002;1295
14;2;-2.764444301480715;0;-6.00000000000001;1295
14;2;-2.7306681512392785;0;-6.000000000000005;1295
14;2;-2.7071906188040487;0;-6.000000000000004;1295
14;2;-2.702630558308549;0;-5.999999999999998;1295
14;2;-2.6901918207996047;0;-5.9999999999999964;1295
14;2;-2.6773709232737843;0;-5.999999999999998;1295
14;2;-2.67292856988513;0;-6.000000000000005;1295
14;2;-2.6703638794759996;0;-6.000000000000002;1295
14;2;-2.656796469739021;0;-5.999999999999999;1295
14;2;-2.6476027011061376;0;-5.999999999999999;1295
14;2;-2.6368137877847317;0;-6.000000000000005;1295
14;2;-2.6303577576078396;0;-5.999999999999995;1295
14;2;-2.626787085139952;0;-6.000000000000005;1295
14;2;-2.614218055790481;0;-6.000000000000003;1295
14;2;-2.609659418071999;0;-6.0000000000000036;1295
14;2;-2.585755181485453;0;-6.000000000000007;1295
14;2;-2.5726407110740297;0;-6.0000000000000036;1295
14;2;-2.5617942673586143;0;-5.999999999999997;1295
14;2;-2.5404941573418185;0;-6.0000000000000036;1295
14;2;-2.511374494954481;0;-6.000000000000001;1295
14;2;-2.509714022179452;0;-5.999999999999997;1295
14;2;-2.500900364791299;0;-5.999999999999998;1295
14;2;-2.4745890452736816;0;-6.000000000000002;1295
14;2;-2.6735659981303286;1.0000000000000007;-8.000000000000007;1295
14;2;-2.667225392829849;1.0000000000000002;-8.000000000000004;1295
14;2;-2.633679189809939;1.0000000000000004;-8.000000000000004;1295
14;2;-2.6239389078384363;1.000000000000001;-8.000000000000016;1295
14;2;-2.6110512327953543;1.0000000000000002;-8.000000000000004;1295
14;2;-2.5986146228778253;1.0000000000000007;-8.000000000000007;1295
14;2;-2.5868700992166325;0.9999999999999998;-7.999999999999997;1295
14;2;-2.5822516655570382;1.0000000000000002;-8.000000000000002;1295
14;2;-2.5626260764418234;1.000000000000001;-8.000000000000014;1295
14;2;-2.5525317292662137;1.;-8.;1295
14;2;-2.5393518257652445;1.0000000000000013;-8.000000000000016;1295
14;2;-2.5252407628504514;1.0000000000000007;-8.000000000000009;1295
14;2;-2.5144594609570703;0.9999999999999993;-7.999999999999991;1295
14;2;-2.4993182856789105;1.0000000000000002;-8.000000000000004;1295
14;2;-2.4811638152512856;1.;-8.;1295
14;2;-2.4647957637202182;1.;-8.;1295
14;2;-2.2281692032614657;3.000000000000002;2.000000000000002;1295
14;2;-2.439546862054371;2.0000000000000013;10.00000000000001;1295
14;2;-2.8367037877899293;0;-4.000000000000007;1295
14;2;-2.8008021797230995;0;-3.9999999999999996;1295
14;2;-2.792056435094004;0;-4.0000000000000036;1295
14;2;-2.77756256855681;0;-3.9999999999999973;1295
14;2;-2.7713733599186767;0;-4.000000000000001;1295
14;2;-2.757748456431848;0;-4.000000000000002;1295
14;2;-2.747939142002494;0;-4.000000000000003;1295
14;2;-2.7296749315292743;0;-4.000000000000004;1295
14;2;-2.7129073943452724;0;-3.9999999999999956;1295
14;2;-2.70771812682154;0;-4.000000000000003;1295
14;2;-2.7019661514200024;0;-3.999999999999993;1295
14;2;-2.6979690855485217;0;-4.000000000000007;1295
14;2;-2.689335388040881;0;-3.9999999999999987;1295
14;2;-2.682081471100396;0;-4.000000000000005;1295
14;2;-2.6772501289736326;0;-4.000000000000002;1295
14;2;-2.665883548067278;0;-4.000000000000002;1295
14;2;-2.6606911683485848;0;-3.999999999999999;1295
14;2;-2.658956720011574;0;-4.000000000000004;1295
14;2;-2.651158037176735;0;-3.9999999999999942;1295
14;2;-2.6482303607425948;0;-4.000000000000007;1295
14;2;-2.6468991725508246;0;-3.999999999999999;1295
14;2;-2.6371020084069983;0;-4.;1295
14;2;-2.6230257646854724;0;-3.9999999999999987;1295
14;2;-2.610972065189941;0;-4.000000000000002;1295
14;2;-2.604126935750166;0;-4.000000000000006;1295
14;2;-2.5945740101936607;0;-4.000000000000005;1295
14;2;-2.5907711884317166;0;-3.999999999999996;1295
14;2;-2.5869402561602683;0;-4.000000000000002;1295
14;2;-2.5826803907685303;0;-4.;1295
14;2;-2.5734076115916267;0;-4.000000000000001;1295
14;2;-2.5698058667092454;0;-3.999999999999995;1295
14;2;-2.563377684155995;0;-3.9999999999999996;1295
14;2;-2.5484621603387723;0;-3.9999999999999996;1295
14;2;-2.5323617837962544;0;-4.000000000000004;1295
14;2;-2.5233051747308224;0;-4.000000000000001;1295
14;2;-2.521659560784613;0;-4.000000000000002;1295
14;2;-2.7129836391834345;1.0000000000000007;-6.000000000000005;1295
14;2;-2.696940422968275;1.0000000000000002;-6.0000000000000036;1295
14;2;-2.496175615961164;0;-3.999999999999997;1295
14;2;-2.684942084194269;1.;-6.;1295
14;2;-2.478558108471894;0;-4.000000000000001;1295
14;2;-2.6730969178046706;0.9999999999999996;-5.9999999999999964;1295
14;2;-2.6629105528721055;1.0000000000000002;-6.000000000000002;1295
14;2;-2.4625124363169846;0;-4.000000000000002;1295
14;2;-2.6543920910023786;1.000000000000001;-6.000000000000011;1295
14;2;-2.6472270926905495;1.0000000000000007;-6.000000000000005;1295
14;2;-2.639380771844131;0.9999999999999996;-5.9999999999999964;1295
14;2;-2.438572778072121;0;-4.000000000000001;1295
14;2;-2.634501003662656;1.0000000000000007;-6.000000000000007;1295
14;2;-2.6289062797562224;0.9999999999999998;-5.999999999999997;1295
14;2;-2.6192460686107566;0.9999999999999998;-5.999999999999999;1295
14;2;-2.6174313623283965;0.9999999999999989;-5.99999999999999;1295
14;2;-2.61298144152218;0.9999999999999998;-5.999999999999997;1295
14;2;-2.602512683665772;1.0000000000000009;-6.000000000000008;1295
14;2;-2.5943718029634653;1.000000000000001;-6.000000000000011;1295
14;2;-2.5714996010406495;1.;-5.999999999999999;1295
14;2;-2.5699006831065674;1.0000000000000007;-6.000000000000005;1295
14;2;-2.5645487023462223;1.0000000000000002;-6.0000000000000036;1295
14;2;-2.5601742491632677;0.9999999999999993;-5.999999999999995;1295
14;2;-2.5515506579506706;1.000000000000001;-6.000000000000012;1295
14;2;-2.545034552929728;1.0000000000000007;-6.000000000000006;1295
14;2;-2.5403812219272623;1.0000000000000013;-6.0000000000000115;1295
14;2;-2.5383946341857424;0.9999999999999998;-5.999999999999998;1295
14;2;-2.5308045119705582;1.0000000000000002;-6.0000000000000036;1295
14;2;-2.5284258337802044;1.000000000000002;-6.000000000000018;1295
14;2;-2.514658830244713;1.0000000000000002;-6.;1295
14;2;-2.512825631750573;1.0000000000000002;-6.000000000000001;1295
14;2;-2.5023947372219766;1.;-6.000000000000001;1295
14;2;-2.489789946523345;0.9999999999999993;-5.999999999999995;1295
14;2;-2.4675737707929812;0.9999999999999998;-5.999999999999998;1295
14;2;-2.4569717487494103;0.9999999999999996;-5.999999999999996;1295
14;2;-2.4478275023417098;1.0000000000000007;-6.000000000000006;1295
14;2;-2.4331536207448536;0.9999999999999998;-5.999999999999998;1295
14;2;-2.4193084224504773;1.0000000000000002;-6.000000000000001;1295
14;2;-2.3888336183504677;2.000000000000001;8.000000000000004;1295
14;2;-2.228169203260599;2.999999999999999;0;1295
14;2;-2.4520464289564217;2.;8.;1295
14;2;-2.458456040569395;1.9999999999999991;7.9999999999999964;1295
14;2;-2.48620611618702;2.;8.;1295
14;2;-2.8588439301277333;0;-2.;1295
14;2;-2.8094677995888375;0;-2.;1295
14;2;-2.7999878878710405;0;-1.9999999999999991;1295
14;2;-2.7901211063676925;0;-2.000000000000001;1295
14;2;-2.7752262447018836;0;-2.000000000000002;1295
14;2;-2.7628807947049623;0;-2.000000000000001;1295
14;2;-2.758693949679383;0;-2.0000000000000044;1295
14;2;-2.7544554492949516;0;-2.000000000000002;1295
14;2;-2.747696684532883;0;-2.0000000000000004;1295
14;2;-2.73646034026104;0;-2.0000000000000004;1295
14;2;-2.7305991475741678;0;-2.0000000000000004;1295
14;2;-2.721814523615656;0;-1.9999999999999996;1295
14;2;-2.711315624819534;0;-1.9999999999999987;1295
14;2;-2.704336026669125;0;-2.0000000000000004;1295
14;2;-2.699380113162242;0;-2.0000000000000018;1295
14;2;-2.690239873827835;0;-1.9999999999999982;1295
14;2;-2.6806294924632965;0;-1.9999999999999982;1295
14;2;-2.67742168330102;0;-1.9999999999999978;1295
14;2;-2.67203751379013;0;-1.9999999999999971;1295
14;2;-2.6691558294962903;0;-2.000000000000005;1295
14;2;-2.6652421188999895;0;-2.0000000000000036;1295
14;2;-2.661116866612943;0;-2.0000000000000004;1295
14;2;-2.655037790944263;0;-2.0000000000000018;1295
14;2;-2.647762382442025;0;-1.9999999999999993;1295
14;2;-2.439546862054371;2.0000000000000004;-10.000000000000002;1295
14;2;-2.639546580852702;0;-2.0000000000000018;1295
14;2;-2.636490072738404;0;-2.0000000000000018;1295
14;2;-2.631273456474993;0;-2.0000000000000036;1295
14;2;-2.622078870528064;0;-2.0000000000000027;1295
14;2;-2.6187425119743395;0;-2.;1295
14;2;-2.610971614049241;0;-2.000000000000004;1295
14;2;-2.6055197794212006;0;-2.000000000000001;1295
14;2;-2.598291111426356;0;-2.000000000000003;1295
14;2;-2.5889814874613393;0;-2.0000000000000027;1295
14;2;-2.5841958577552333;0;-2.0000000000000018;1295
14;2;-2.5825908301682006;0;-2.0000000000000027;1295
14;2;-2.5765197275026566;0;-1.9999999999999973;1295
14;2;-2.5684002279378646;0;-2.000000000000001;1295
14;2;-2.559890836440225;0;-2.0000000000000018;1295
14;2;-2.555607878481972;0;-2.0000000000000027;1295
14;2;-2.547423036371349;0;-1.9999999999999991;1295
14;2;-2.5443959022083646;0;-2.0000000000000018;1295
14;2;-2.744144491019128;1.0000000000000002;-4.000000000000003;1295
14;2;-2.7332875078190924;1.0000000000000007;-4.0000000000000036;1295
14;2;-2.5287441482169015;0;-2.0000000000000018;1295
14;2;-2.51345928197307;0;-1.9999999999999987;1295
14;2;-2.7065565840284407;1.000000000000001;-4.000000000000007;1295
14;2;-2.5004094804476225;0;-2.0000000000000018;1295
14;2;-2.48966671822847;0;-1.9999999999999993;1295
14;2;-2.686669286870128;1.0000000000000004;-4.0000000000000036;1295
14;2;-2.682326414404514;1.0000000000000004;-4.000000000000003;1295
14;2;-2.67958013931689;0.9999999999999998;-3.999999999999998;1295
14;2;-2.673208223292157;1.0000000000000004;-4.000000000000003;1295
14;2;-2.4720491455346547;0;-1.9999999999999991;1295
14;2;-2.4711957309900114;0;-1.999999999999997;1295
14;2;-2.67056155969712;1.0000000000000002;-4.000000000000002;1295
14;2;-2.664703876944131;1.;-4.;1295
14;2;-2.6590871171564174;0.9999999999999993;-3.9999999999999956;1295
14;2;-2.6555281069855425;1.0000000000000009;-4.000000000000005;1295
14;2;-2.652506343997608;1.0000000000000009;-4.000000000000005;1295
14;2;-2.64651339860486;0.9999999999999993;-3.999999999999996;1295
14;2;-2.442503344953977;0;-1.9999999999999996;1295
14;2;-2.5626432633524274;0.9999999999999993;11.999999999999991;1295
14;2;-2.6345943736290707;1.0000000000000016;-4.00000000000001;1295
14;2;-2.627322204274016;1.0000000000000002;-4.000000000000002;1295
14;2;-2.6227832259489716;0.9999999999999993;-3.9999999999999964;1295
14;2;-2.6181756318197316;1.0000000000000009;-4.000000000000004;1295
14;2;-2.612784043312921;0.9999999999999998;-3.9999999999999987;1295
14;2;-2.6126985709660246;1.;-4.000000000000001;1295
14;2;-2.610243743657165;1.0000000000000007;-4.0000000000000036;1295
14;2;-2.6018564706813407;1.0000000000000007;-4.0000000000000036;1295
14;2;-2.595747179438675;1.000000000000001;-4.000000000000007;1295
14;2;-2.5897993375514545;1.;-4.;1295
14;2;-2.586554605566789;1.0000000000000002;-4.000000000000002;1295
14;2;-2.5827354538317238;1.0000000000000009;-4.000000000000005;1295
14;2;-2.5777295450242477;1.0000000000000007;-4.0000000000000036;1295
14;2;-2.5730346204639716;1.0000000000000009;-4.000000000000005;1295
14;2;-2.569904795598461;0.9999999999999998;-3.999999999999998;1295
14;2;-2.5621973701069223;1.0000000000000007;-4.0000000000000036;1295
14;2;-2.5610799648820475;0.9999999999999998;-3.9999999999999987;1295
14;2;-2.5591255967469593;0.9999999999999998;-4.;1295
14;2;-2.5538250354344925;0.9999999999999998;-3.999999999999999;1295
14;2;-2.54519774460622;0.9999999999999998;-3.9999999999999973;1295
14;2;-2.5372299682735147;1.000000000000001;-4.000000000000006;1295
14;2;-2.534154328042206;0.9999999999999993;-3.9999999999999956;1295
14;2;-2.528410608399554;0.9999999999999998;-3.999999999999999;1295
14;2;-2.522810889404205;1.000000000000001;-4.000000000000006;1295
14;2;-2.5202593211014275;0.9999999999999993;-3.999999999999996;1295
14;2;-2.5104317654346815;0.9999999999999998;-3.999999999999998;1295
14;2;-2.507617534481753;0.9999999999999996;-3.999999999999997;1295
14;2;-2.502914429718011;0.9999999999999991;-3.9999999999999947;1295
14;2;-2.50027685227834;1.0000000000000007;-4.000000000000004;1295
14;2;-2.48520393493866;1.0000000000000002;-4.000000000000002;1295
14;2;-2.47933764327027;1.000000000000001;-4.000000000000006;1295
14;2;-2.466675646434801;1.0000000000000002;-4.000000000000002;1295
14;2;-2.458886870448808;1.0000000000000004;-4.000000000000003;1295
14;2;-2.458539902992726;1.0000000000000002;-4.000000000000002;1295
14;2;-2.445808554142758;1.0000000000000007;-4.000000000000004;1295
14;2;-2.367109634300661;1.9999999999999987;5.999999999999993;1295
14;2;-2.430624966033328;1.0000000000000007;-4.000000000000004;1295
14;2;-2.3745110817229858;1.9999999999999991;5.999999999999995;1295
14;2;-2.4233759887308395;1.0000000000000004;-4.000000000000003;1295
14;2;-2.4115667632910203;1.0000000000000007;-4.0000000000000036;1295
14;2;-2.420258591939934;1.9999999999999996;5.999999999999998;1295
14;2;-2.2281692032614586;2.9999999999999987;-1.9999999999999984;1295
14;2;-2.4347297952107922;2.000000000000001;6.0000000000000036;1295
14;2;-2.4545750536968;1.9999999999999996;5.999999999999999;1295
14;2;-2.469513011240579;2.;6.;1295
14;2;-2.4850627412069386;1.9999999999999996;5.999999999999998;1295
14;2;-2.497533922336288;1.9999999999999991;5.999999999999995;1295
14;2;-2.894718000521273;0;0;1295
14;2;-2.5172846224693473;2.;6.;1295
14;2;-2.8160387226202346;0;0;1295
14;2;-2.805695807058356;0;0;1295
14;2;-2.795985878739039;0;0;1295
14;2;-2.785595855413561;0;0;1295
14;2;-2.7752009995701243;0;0;1295
14;2;-2.7711597846654428;0;0;1295
14;2;-2.765863635033341;0;0;1295
14;2;-2.753139330247869;0;0;1295
14;2;-2.750174111602476;0;0;1295
14;2;-2.7356425109312994;0;0;1295
14;2;-2.733454998075267;0;0;1295
14;2;-2.7207963511356894;0;0;1295
14;2;-2.7095218003276003;0;0;1295
14;2;-2.706748184709106;0;0;1295
14;2;-2.7033216914295934;0;0;1295
14;2;-2.699914449954697;0;0;1295
14;2;-2.6931978408572164;0;0;1295
14;2;-2.6906968550969452;0;0;1295
14;2;-2.48620611618702;1.9999999999999996;-7.9999999999999964;1295
14;2;-2.684243932465364;0;0;1295
14;2;-2.6743313775148323;0;0;1295
14;2;-2.671377724208668;0;0;1295
14;2;-2.6699074569815835;0;0;1295
14;2;-2.6607715321559553;0;0;1295
14;2;-2.458456040569395;2.000000000000001;-8.000000000000004;1295
14;2;-2.6548329839006257;0;0;1295
14;2;-2.4520464289564217;1.9999999999999996;-7.999999999999999;1295
14;2;-2.6496545073485507;0;0;1295
14;2;-2.6460331165955395;0;0;1295
14;2;-2.6407710653977006;0;0;1295
14;2;-2.6367393463901294;0;0;1295
14;2;-2.635031151160625;0;0;1295
14;2;-2.6335206016022283;0;0;1295
14;2;-2.6326200528088393;0;0;1295
14;2;-2.6270763023320782;0;0;1295
14;2;-2.610454122644299;0;0;1295
14;2;-2.6047626250589104;0;0;1295
14;2;-2.5985761979158255;0;0;1295
14;2;-2.595034728535566;0;0;1295
14;2;-2.3888336183504606;2.;-7.999999999999998;1295
14;2;-2.5874429632274314;0;0;1295
14;2;-2.578349678644976;0;0;1295
14;2;-2.5759735427066417;0;0;1295
14;2;-2.56742300339598;0;0;1295
14;2;-2.5660844653909294;0;0;1295
14;2;-2.7632441368100658;0.9999999999999991;-1.9999999999999971;1295
14;2;-2.5506063587728107;0;0;1295
14;2;-2.548028934024998;0;0;1295
14;2;-2.545363813778529;0;0;1295
14;2;-2.533965562241839;0;0;1295
14;2;-2.7338994954105686;1.0000000000000016;-2.000000000000004;1295
14;2;-2.7293136152705912;0.9999999999999993;-1.9999999999999982;1295
14;2;-2.7243305540248457;0.9999999999999991;-1.9999999999999973;1295
14;2;-2.521122605213691;0;0;1295
14;2;-2.7152303235714257;1.0000000000000004;-2.000000000000001;1295
14;2;-2.5139156804528895;0;0;1295
14;2;-2.708545713204849;1.0000000000000007;-2.000000000000002;1295
14;2;-2.4928640891692453;1.0000000000000004;10.000000000000005;1295
14;2;-2.6969384052618963;1.0000000000000002;-2.000000000000001;1295
14;2;-2.6952764570123406;1.0000000000000002;-2.0000000000000013;1295
14;2;-2.490263609910656;0;0;1295
14;2;-2.68436597615176;0.9999999999999991;-1.9999999999999978;1295
14;2;-2.6793982172776083;0.9999999999999991;-1.9999999999999973;1295
14;2;-2.4773767354035527;0;0;1295
14;2;-2.6750338895408348;0.9999999999999993;-1.9999999999999984;1295
14;2;-2.6705863857515695;1.000000000000001;-2.0000000000000036;1295
14;2;-2.6660849783160003;0.9999999999999996;-1.9999999999999987;1295
14;2;-2.5362734278074512;1.;10.;1295
14;2;-2.660316831422776;0.9999999999999998;-1.9999999999999991;1295
14;2;-2.4579605964387667;0;0;1295
14;2;-2.6568746320265078;0.9999999999999998;-1.9999999999999993;1295
14;2;-2.5465760952473744;1.;10.;1295
14;2;-2.6512685205157567;1.;-2.;1295
14;2;-2.6503837255813494;0.9999999999999987;-1.999999999999996;1295
14;2;-2.4489936937848924;0;0;1295
14;2;-2.6446675733304446;0.999999999999998;-1.9999999999999933;1295
14;2;-2.442546766157136;0;0;1295
14;2;-2.6406085140936;1.0000000000000002;-2.000000000000001;1295
14;2;-2.638258763061039;1.;-2.;1295
14;2;-2.6327314927103487;0.9999999999999993;-1.999999999999998;1295
14;2;-2.628257358893485;1.0000000000000016;-2.000000000000005;1295
14;2;-2.426975266050846;0;0;1295
14;2;-2.6236299710257356;1.0000000000000009;-2.0000000000000027;1295
14;2;-2.6222585183272997;0.9999999999999998;-1.9999999999999996;1295
14;2;-2.6175356168255206;0.9999999999999993;-1.9999999999999982;1295
14;2;-2.6160735363995613;0.9999999999999989;-1.9999999999999967;1295
14;2;-2.588848849611857;1.0000000000000004;10.000000000000004;1295
14;2;-2.6069594927137487;1.0000000000000007;-2.0000000000000018;1295
14;2;-2.6047111721227267;0.9999999999999991;-1.9999999999999973;1295
14;2;-2.595591029290439;0.9999999999999998;9.999999999999995;1295
14;2;-2.6011621082955045;0.9999999999999991;-1.9999999999999971;1295
14;2;-2.599126423308931;0.9999999999999993;-1.9999999999999984;1295
14;2;-2.5946332915496697;1.0000000000000016;-2.000000000000005;1295
14;2;-2.594302393927414;0.9999999999999996;-1.9999999999999987;1295
14;2;-2.591435900207479;0.9999999999999993;-1.9999999999999978;1295
14;2;-2.5871277046858125;1.0000000000000002;-2.000000000000001;1295
14;2;-2.585744469027702;1.0000000000000007;-2.000000000000002;1295
14;2;-2.5770215474458524;0.9999999999999998;-1.999999999999999;1295
14;2;-2.5740802866230297;0.9999999999999991;-1.9999999999999973;1295
14;2;-2.569013816804464;1.;-2.;1295
14;2;-2.6343570588816547;1.;9.999999999999998;1295
14;2;-2.563866204977245;1.0000000000000007;-2.0000000000000018;1295
14;2;-2.5626738816325627;1.0000000000000013;-2.0000000000000036;1295
14;2;-2.5610124857655734;1.0000000000000009;-2.000000000000003;1295
14;2;-2.5596318013509958;1.0000000000000002;-2.;1295
14;2;-2.552967986382349;1.0000000000000007;-2.0000000000000018;1295
14;2;-2.545778733389419;1.;-2.;1295
14;2;-2.5449855448799283;1.0000000000000004;-2.0000000000000013;1295
14;2;-2.539269373234262;0.9999999999999993;-1.9999999999999982;1295
14;2;-2.5389861716818203;1.0000000000000007;-2.0000000000000018;1295
14;2;-2.5322842040878157;1.;-2.;1295
14;2;-2.524749765359836;1.0000000000000002;-2.000000000000001;1295
14;2;-2.522594959985156;0.9999999999999998;-1.9999999999999998;1295
14;2;-2.5189321382882923;1.0000000000000009;-2.0000000000000027;1295
14;2;-2.5143958216101296;0.9999999999999998;-1.9999999999999991;1295
14;2;-2.507754437929698;1.;-2.;1295
14;2;-2.5075671737764154;1.0000000000000007;-2.0000000000000018;1295
14;2;-2.502736393066037;1.000000000000001;-2.0000000000000036;1295
14;2;-2.4941466858148544;1.;-2.;1295
14;2;-2.4891594616860786;1.0000000000000002;-2.;1295
14;2;-2.4829914685082954;0.9999999999999989;-1.9999999999999964;1295
14;2;-2.4769520119030375;1.0000000000000009;-2.000000000000002;1295
14;2;-2.475293076849809;0.9999999999999993;-1.9999999999999987;1295
14;2;-2.465031030746772;0.9999999999999998;-2.;1295
14;2;-2.3366252929866462;2.0000000000000013;4.0000000000000036;1295
14;2;-2.4545249377539804;1.0000000000000002;-2.0000000000000004;1295
14;2;-2.4524239663830443;1.000000000000001;-2.000000000000003;1295
14;2;-2.351023041502522;2.;4.;1295
14;2;-2.448156282822559;0.9999999999999993;-1.9999999999999978;1295
14;2;-2.4329705895946887;1.0000000000000007;-2.0000000000000018;1295
14;2;-2.369359765462626;1.9999999999999996;3.9999999999999987;1295
14;2;-2.4229822272865817;1.0000000000000007;-2.000000000000002;1295
14;2;-2.4180139249733514;1.0000000000000009;-2.0000000000000027;1295
14;2;-2.5819888544166503;0;11.999999999999993;1295
14;2;-2.3823742744591883;2.000000000000001;4.0000000000000036;1295
14;2;-2.385972212521608;2.;3.9999999999999996;1295
14;2;-2.407480850508037;1.000000000000001;-2.0000000000000027;1295
14;2;-2.39702058626532;1.;-2.0000000000000004;1295
14;2;-2.417392427068073;2.000000000000001;4.0000000000000036;1295
14;2;-2.4365038748540258;2.000000000000001;4.000000000000003;1295
14;2;-2.4434408055631707;1.9999999999999982;3.9999999999999947;1295
14;2;-2.4603584081092507;1.9999999999999996;3.999999999999999;1295
14;2;-2.661420481613625;0;12.;1295
14;2;-2.4647353370974088;1.9999999999999991;3.9999999999999973;1295
14;2;-2.474157515166759;2.;4.;1295
14;2;-2.4803332593882956;2.;4.;1295
14;2;-2.492184953984925;2.;4.;1295
14;2;-2.5162334698628044;2.;4.;1295
14;2;-2.5199786488158082;2.0000000000000004;4.000000000000002;1295
14;2;-2.8588439301277404;0;2.0000000000000004;1295
14;2;-2.5418652418093615;2.000000000000001;4.000000000000003;1295
14;2;-2.8094677995888375;0;1.9999999999999993;1295
14;2;-2.7999878878710405;0;1.9999999999999962;1295
14;2;-2.7901211063676996;0;2.000000000000004;1295
14;2;-2.7752262447018836;0;2.000000000000002;1295
14;2;-2.7628807947049623;0;2.0000000000000018;1295
14;2;-2.758693949679369;0;1.9999999999999971;1295
14;2;-2.7544554492949445;0;1.9999999999999982;1295
14;2;-2.747696684532883;0;1.9999999999999991;1295
14;2;-2.73646034026104;0;1.999999999999998;1295
14;2;-2.7305991475741678;0;1.9999999999999996;1295
14;2;-2.721814523615649;0;1.9999999999999973;1295
14;2;-2.51728462246934;1.9999999999999991;-5.9999999999999964;1295
14;2;-2.711315624819541;0;2.000000000000004;1295
14;2;-2.704336026669118;0;1.9999999999999942;1295
14;2;-2.699380113162235;0;1.9999999999999962;1295
14;2;-2.497533922336288;1.9999999999999996;-5.999999999999999;1295
14;2;-2.690239873827842;0;2.000000000000004;1295
14;2;-2.4850627412069386;1.9999999999999987;-5.999999999999993;1295
14;2;-2.6806294924632965;0;1.9999999999999962;1295
14;2;-2.67742168330102;0;2.000000000000001;1295
14;2;-2.67203751379013;0;2.000000000000001;1295
14;2;-2.469513011240579;2.0000000000000013;-6.000000000000007;1295
14;2;-2.6691558294962903;0;2.0000000000000027;1295
14;2;-2.6652421188999824;0;1.999999999999997;1295
14;2;-2.661116866612943;0;2.0000000000000004;1295
14;2;-2.655037790944249;0;1.9999999999999956;1295
14;2;-2.4545750536968;2.;-6.000000000000001;1295
14;2;-2.647762382442032;0;2.000000000000003;1295
14;2;-2.639546580852695;0;2.;1295
14;2;-2.636490072738411;0;2.0000000000000027;1295
14;2;-2.4347297952107994;2.000000000000001;-6.000000000000005;1295
14;2;-2.631273456474986;0;1.9999999999999984;1295
14;2;-2.622078870528057;0;2.;1295
14;2;-2.420258591939934;2.0000000000000018;-6.000000000000009;1295
14;2;-2.6187425119743324;0;1.999999999999997;1295
14;2;-2.610971614049234;0;1.9999999999999996;1295
14;2;-2.6055197794212077;0;2.0000000000000027;1295
14;2;-2.598291111426356;0;1.9999999999999984;1295
14;2;-2.588981487461332;0;1.9999999999999982;1295
14;2;-2.5841958577552404;0;2.0000000000000044;1295
14;2;-2.5825908301682006;0;2.000000000000001;1295
14;2;-2.5765197275026566;0;2.000000000000001;1295
14;2;-2.374511081722993;2.;-6.;1295
14;2;-2.5684002279378575;0;1.999999999999997;1295
14;2;-2.367109634300668;2.000000000000002;-6.000000000000012;1295
14;2;-2.559890836440232;0;2.0000000000000036;1295
14;2;-2.5556078784819647;0;1.9999999999999933;1295
14;2;-2.755531610077597;0.9999999999999984;0;1295
14;2;-2.547423036371349;0;2.0000000000000036;1295
14;2;-2.5443959022083646;0;1.999999999999998;1295
14;2;-2.7436970098188453;1.;0;1295
14;2;-2.4647957637202182;1.0000000000000002;8.000000000000004;1295
14;2;-2.7314548688678855;1.0000000000000002;0;1295
14;2;-2.5287441482168944;0;1.9999999999999991;1295
14;2;-2.7239869003637267;1.0000000000000004;0;1295
14;2;-2.721272798565053;0.9999999999999996;0;1295
14;2;-2.7212180120192855;0.9999999999999989;0;1295
14;2;-2.4811638152512927;1.0000000000000009;8.00000000000001;1295
14;2;-2.51345928197307;0;2.000000000000001;1295
14;2;-2.7102434455481514;1.0000000000000004;0;1295
14;2;-2.4993182856789105;1.0000000000000007;8.000000000000005;1295
14;2;-2.5004094804476296;0;2.0000000000000075;1295
14;2;-2.696309893500647;0.9999999999999989;0;1295
14;2;-2.48966671822847;0;2.0000000000000018;1295
14;2;-2.5144594609570703;1.0000000000000004;8.000000000000007;1295
14;2;-2.6836823060978006;1.0000000000000002;0;1295
14;2;-2.6804039202466328;1.0000000000000002;0;1295
14;2;-2.6773830716266502;0.9999999999999993;0;1295
14;2;-2.6747638853585514;1.0000000000000007;0;1295
14;2;-2.5252407628504514;1.;8.000000000000002;1295
14;2;-2.672622241252732;0.9999999999999991;0;1295
14;2;-2.4720491455346547;0;2.0000000000000004;1295
14;2;-2.4711957309900114;0;1.999999999999996;1295
14;2;-2.663040759852265;1.000000000000001;0;1295
14;2;-2.5393518257652445;0.9999999999999998;8.;1295
14;2;-2.6553884273485266;0.9999999999999998;0;1295
14;2;-2.65511148140979;0.9999999999999993;0;1295
14;2;-2.651589712636685;1.;0;1295
14;2;-2.552531729266221;1.0000000000000002;8.000000000000004;1295
14;2;-2.442503344953977;0;2.;1295
14;2;-2.6398749797264003;1.000000000000003;0;1295
14;2;-2.6393477118102595;1.0000000000000009;0;1295
14;2;-2.5626260764418163;0.9999999999999993;7.999999999999995;1295
14;2;-2.632338176233894;0.9999999999999993;0;1295
14;2;-2.626734113934077;0.9999999999999984;0;1295
14;2;-2.62610556055418;1.0000000000000002;0;1295
14;2;-2.6240175405352844;0.9999999999999993;0;1295
14;2;-2.623384478472083;0.9999999999999984;0;1295
14;2;-2.5822516655570382;1.;7.999999999999999;1295
14;2;-2.6153072916518596;1.;0;1295
14;2;-2.5868700992166325;0.9999999999999998;7.999999999999998;1295
14;2;-2.6110479440957874;0.9999999999999998;0;1295
14;2;-2.609026492984924;1.0000000000000024;0;1295
14;2;-2.607757150157717;1.0000000000000002;0;1295
14;2;-2.605881606571799;1.000000000000001;0;1295
14;2;-2.603786509174867;0.9999999999999998;0;1295
14;2;-2.603773781322765;0.9999999999999996;0;1295
14;2;-2.5986146228778253;1.0000000000000009;8.00000000000001;1295
14;2;-2.598579470953389;0.9999999999999993;0;1295
14;2;-2.592811594122942;1.0000000000000004;0;1295
14;2;-2.591446162555755;0.9999999999999991;0;1295
14;2;-2.6110512327953543;1.;8.;1295
14;2;-2.584848725347001;1.0000000000000002;0;1295
14;2;-2.5813384509123978;0.9999999999999998;0;1295
14;2;-2.578235155830029;1.0000000000000002;0;1295
14;2;-2.578209066215841;0.9999999999999993;0;1295
14;2;-2.623938907838429;1.0000000000000004;8.000000000000004;1295
14;2;-2.5711059467726187;1.0000000000000016;0;1295
14;2;-2.56684602058818;1.;0;1295
14;2;-2.633679189809939;0.9999999999999998;7.999999999999996;1295
14;2;-2.5662551931737454;1.0000000000000002;0;1295
14;2;-2.5539430752229606;0.9999999999999996;0;1295
14;2;-2.5535527147546304;1.0000000000000007;0;1295
14;2;-2.552094067692238;1.0000000000000002;0;1295
14;2;-2.549514611473704;1.0000000000000009;0;1295
14;2;-2.5434629666317505;0.9999999999999989;0;1295
14;2;-2.5428063767566087;1.;0;1295
14;2;-2.5382076679682086;1.000000000000001;0;1295
14;2;-2.532817533771258;1.;0;1295
14;2;-2.667225392829849;1.;8.;1295
14;2;-2.532509879859248;1.000000000000001;0;1295
14;2;-2.528647748736603;1.0000000000000007;0;1295
14;2;-2.6735659981303286;1.;8.;1295
14;2;-2.5229074598049976;1.0000000000000002;0;1295
14;2;-2.520548793027359;1.0000000000000007;0;1295
14;2;-2.5190298933000363;0.9999999999999989;0;1295
14;2;-2.5104849420728783;1.0000000000000002;0;1295
14;2;-2.50919359148282;0.9999999999999993;0;1295
14;2;-2.5049790282082824;1.0000000000000009;0;1295
14;2;-2.5029131014870387;0.9999999999999998;0;1295
14;2;-2.5027946253614672;1.0000000000000004;0;1295
14;2;-2.496721744787031;1.0000000000000007;0;1295
14;2;-2.4807729413759105;1.000000000000001;0;1295
14;2;-2.3227752837598814;2.;2.;1295
14;2;-2.4741686286575444;1.0000000000000009;0;1295
14;2;-2.4681588468898354;0.9999999999999996;0;1295
14;2;-2.4590804721693615;1.0000000000000002;0;1295
14;2;-2.4555101357395657;0.9999999999999991;0;1295
14;2;-2.45382976656515;0.9999999999999998;0;1295
14;2;-2.34923183683798;2.;2.;1295
14;2;-2.3589229351995087;2.;2.000000000000001;1295
14;2;-2.440046210510687;0.9999999999999998;0;1295
14;2;-2.364203448249256;2.0000000000000013;2.000000000000002;1295
14;2;-2.365265870270335;2.000000000000001;2.000000000000001;1295
14;2;-2.5715470330325942;0;10.000000000000002;1295
14;2;-2.426369531252469;1.0000000000000004;0;1295
14;2;-2.4251776231724804;1.0000000000000004;0;1295
14;2;-2.4148393207275447;0.9999999999999998;0;1295
14;2;-2.411822666581884;1.;0;1295
14;2;-2.3933536469188965;2.000000000000001;2.0000000000000013;1295
14;2;-2.6079768910106154;0;9.999999999999993;1295
14;2;-2.41714058436947;2.0000000000000013;2.0000000000000018;1295
14;2;-2.3818397608160566;0.9999999999999993;0;1295
14;2;-2.6347508068340773;0;10.000000000000004;1295
14;2;-2.4366817404800685;2.0000000000000013;2.0000000000000018;1295
14;2;-2.439121572002392;2.000000000000001;2.000000000000001;1295
14;2;-2.4448130352966473;2.0000000000000004;2.;1295
14;2;-2.446318954806351;2.0000000000000004;2.0000000000000004;1295
14;2;-2.4559710862470467;2.000000000000001;2.000000000000001;1295
14;2;-2.4600381136214438;1.9999999999999978;1.9999999999999962;1295
14;2;-2.470880747518372;2.;1.9999999999999996;1295
14;2;-2.675989378292549;0;10.000000000000005;1295
14;2;-2.4797030459532152;2.0000000000000013;2.0000000000000018;1295
14;2;-2.490962501236332;2.;2.;1295
14;2;-2.5074311653785415;1.9999999999999982;1.9999999999999971;1295
14;2;-2.5109081755315827;2.000000000000001;2.0000000000000013;1295
14;2;-2.7133791773638123;0;10.;1295
14;2;-2.517037536968374;2.0000000000000013;2.0000000000000018;1295
14;2;-2.520403847276789;2.000000000000001;2.0000000000000013;1295
14;2;-2.537753692900843;2.;2.0000000000000004;1295
14;2;-2.555187863394238;2.;1.9999999999999996;1295
14;2;-2.8367037877899293;0;4.0000000000000036;1295
14;2;-2.8008021797230995;0;3.999999999999998;1295
14;2;-2.792056435094011;0;4.000000000000009;1295
14;2;-2.77756256855681;0;4.000000000000004;1295
14;2;-2.7713733599186696;0;3.999999999999999;1295
14;2;-2.757748456431848;0;4.000000000000005;1295
14;2;-2.747939142002487;0;3.999999999999999;1295
14;2;-2.5418652418093615;2.000000000000001;-4.0000000000000036;1295
14;2;-2.7296749315292743;0;4.000000000000003;1295
14;2;-2.5199786488158082;2.000000000000001;-4.0000000000000036;1295
14;2;-2.5162334698628044;1.9999999999999996;-3.9999999999999982;1295
14;2;-2.7129073943452795;0;4.000000000000002;1295
14;2;-2.707718126821547;0;4.000000000000009;1295
14;2;-2.7019661514200095;0;4.000000000000003;1295
14;2;-2.6979690855485288;0;4.000000000000014;1295
14;2;-2.492184953984932;2.000000000000004;-4.000000000000012;1295
14;2;-2.689335388040888;0;4.000000000000011;1295
14;2;-2.682081471100396;0;4.000000000000002;1295
14;2;-2.4803332593882956;1.9999999999999991;-3.9999999999999973;1295
14;2;-2.6772501289736255;0;3.999999999999995;1295
14;2;-2.474157515166759;2.0000000000000027;-4.000000000000009;1295
14;2;-2.665883548067285;0;4.000000000000006;1295
14;2;-2.4647353370974088;2.0000000000000004;-4.000000000000001;1295
14;2;-2.660691168348592;0;4.000000000000012;1295
14;2;-2.4603584081092507;1.9999999999999978;-3.9999999999999925;1295
14;2;-2.658956720011581;0;4.000000000000009;1295
14;2;-2.6511580371767423;0;4.000000000000002;1295
14;2;-2.6482303607425877;0;3.9999999999999982;1295
14;2;-2.6468991725508175;0;3.9999999999999925;1295
14;2;-2.4434408055631707;2.0000000000000004;-4.000000000000002;1295
14;2;-2.637102008406991;0;3.999999999999996;1295
14;2;-2.4365038748540258;1.9999999999999991;-3.999999999999996;1295
14;2;-2.6230257646854724;0;3.9999999999999964;1295
14;2;-2.417392427068073;2.0000000000000013;-4.000000000000005;1295
14;2;-2.610972065189948;0;4.000000000000013;1295
14;2;-2.604126935750159;0;3.999999999999999;1295
14;2;-2.5945740101936536;0;3.9999999999999982;1295
14;2;-2.5907711884317166;0;3.999999999999989;1295
14;2;-2.5869402561602683;0;3.999999999999996;1295
14;2;-2.385972212521608;2.000000000000001;-4.000000000000003;1295
14;2;-2.5826803907685303;0;3.999999999999997;1295
14;2;-2.382374274459181;1.9999999999999982;-3.999999999999994;1295
14;2;-2.4193084224504773;0.9999999999999998;5.999999999999998;1295
14;2;-2.573407611591634;0;4.000000000000008;1295
14;2;-2.5698058667092596;0;4.0000000000000115;1295
14;2;-2.369359765462626;1.9999999999999987;-3.999999999999996;1295
14;2;-2.4331536207448536;0.9999999999999998;6.;1295
14;2;-2.563377684155995;0;3.999999999999997;1295
14;2;-2.763244136810073;1.0000000000000002;2.000000000000001;1295
14;2;-2.4478275023417027;1.0000000000000002;6.0000000000000036;1295
14;2;-2.351023041502515;1.9999999999999982;-3.9999999999999933;1295
14;2;-2.5484621603387723;0;4.000000000000005;1295
14;2;-2.4569717487494174;1.0000000000000009;6.000000000000007;1295
14;2;-2.3366252929866462;2.0000000000000004;-4.;1295
14;2;-2.7338994954105686;1.;2.;1295
14;2;-2.4675737707929812;1.000000000000001;6.000000000000011;1295
14;2;-2.5323617837962544;0;4.000000000000002;1295
14;2;-2.7293136152705912;1.0000000000000009;2.0000000000000027;1295
14;2;-2.7243305540248457;0.9999999999999991;1.9999999999999971;1295
14;2;-2.5233051747308295;0;4.000000000000007;1295
14;2;-2.521659560784613;0;3.9999999999999973;1295
14;2;-2.7152303235714186;0.9999999999999989;1.9999999999999964;1295
14;2;-2.489789946523345;1.0000000000000004;6.0000000000000036;1295
14;2;-2.708545713204842;0.9999999999999998;1.9999999999999996;1295
14;2;-2.5023947372219766;0.9999999999999998;5.999999999999998;1295
14;2;-2.696938405261889;0.9999999999999998;1.9999999999999991;1295
14;2;-2.496175615961178;0;4.000000000000014;1295
14;2;-2.6952764570123406;1.0000000000000002;2.0000000000000004;1295
14;2;-2.512825631750573;1.0000000000000004;6.0000000000000036;1295
14;2;-2.514658830244713;1.0000000000000002;6.000000000000003;1295
14;2;-2.68436597615176;1.;2.0000000000000004;1295
14;2;-2.6793982172776154;1.;1.9999999999999996;1295
14;2;-2.478558108471894;0;3.9999999999999982;1295
14;2;-2.6750338895408348;1.0000000000000002;2.0000000000000004;1295
14;2;-2.52842583378019;0.9999999999999998;5.9999999999999964;1295
14;2;-2.6705863857515695;1.0000000000000016;2.0000000000000044;1295
14;2;-2.5308045119705582;0.9999999999999998;5.999999999999998;1295
14;2;-2.6660849783160074;1.0000000000000007;2.0000000000000018;1295
14;2;-2.4625124363169775;0;3.999999999999998;1295
14;2;-2.5383946341857424;0.9999999999999998;5.999999999999998;1295
14;2;-2.6603168314227688;0.9999999999999996;1.9999999999999987;1295
14;2;-2.5403812219272552;0.9999999999999996;5.999999999999996;1295
14;2;-2.656874632026515;1.0000000000000002;2.000000000000001;1295
14;2;-2.545034552929721;0.9999999999999993;5.999999999999993;1295
14;2;-2.6512685205157496;0.9999999999999991;1.9999999999999976;1295
14;2;-2.6503837255813494;0.9999999999999991;1.9999999999999971;1295
14;2;-2.5515506579506706;1.0000000000000002;6.000000000000001;1295
14;2;-2.6446675733304446;0.9999999999999984;1.9999999999999956;1295
14;2;-2.6406085140936;1.0000000000000009;2.0000000000000027;1295
14;2;-2.5601742491632677;0.9999999999999993;5.999999999999994;1295
14;2;-2.4385727780721282;0;4.000000000000007;1295
14;2;-2.638258763061046;1.0000000000000009;2.0000000000000027;1295
14;2;-2.5645487023462223;0.9999999999999996;5.9999999999999964;1295
14;2;-2.6327314927103487;0.9999999999999998;1.9999999999999991;1295
14;2;-2.5699006831065674;1.0000000000000009;6.000000000000008;1295
14;2;-2.5714996010406495;1.;6.;1295
14;2;-2.628257358893478;0.9999999999999989;1.9999999999999971;1295
14;2;-2.6236299710257356;1.0000000000000007;2.0000000000000018;1295
14;2;-2.6222585183272997;1.0000000000000002;2.0000000000000004;1295
14;2;-2.6175356168255206;1.;2.;1295
14;2;-2.6160735363995613;1.;2.;1295
14;2;-2.6069594927137487;1.;2.0000000000000004;1295
14;2;-2.5943718029634653;1.0000000000000007;6.000000000000005;1295
14;2;-2.604711172122734;1.000000000000001;2.0000000000000036;1295
14;2;-2.6011621082955187;1.0000000000000022;2.0000000000000067;1295
14;2;-2.599126423308931;0.9999999999999987;1.9999999999999956;1295
14;2;-2.602512683665765;0.9999999999999998;5.999999999999997;1295
14;2;-2.5946332915496626;0.9999999999999991;1.9999999999999976;1295
14;2;-2.594302393927407;0.9999999999999982;1.999999999999995;1295
14;2;-2.591435900207472;0.9999999999999987;1.999999999999996;1295
14;2;-2.5871277046858054;0.9999999999999982;1.9999999999999947;1295
14;2;-2.61298144152218;0.9999999999999998;5.999999999999998;1295
14;2;-2.585744469027702;1.0000000000000007;2.0000000000000018;1295
14;2;-2.6174313623284036;1.0000000000000002;6.0000000000000036;1295
14;2;-2.6192460686107566;1.;6.;1295
14;2;-2.5770215474458453;0.9999999999999991;1.9999999999999973;1295
14;2;-2.5740802866230297;0.9999999999999991;1.9999999999999976;1295
14;2;-2.6289062797562224;1.;6.000000000000001;1295
14;2;-2.569013816804457;0.9999999999999973;1.9999999999999925;1295
14;2;-2.634501003662649;1.0000000000000004;6.000000000000005;1295
14;2;-2.563866204977245;1.0000000000000016;2.0000000000000044;1295
14;2;-2.5626738816325627;1.0000000000000002;2.000000000000001;1295
14;2;-2.5610124857655734;1.0000000000000016;2.000000000000004;1295
14;2;-2.639380771844131;1.0000000000000002;6.000000000000002;1295
14;2;-2.5596318013509958;1.0000000000000002;2.0000000000000013;1295
14;2;-2.552967986382342;0.9999999999999993;1.9999999999999984;1295
14;2;-2.6472270926905423;0.9999999999999993;5.999999999999995;1295
14;2;-2.5457787333894117;0.9999999999999998;1.9999999999999991;1295
14;2;-2.6543920910023786;0.9999999999999998;5.999999999999998;1295
14;2;-2.5449855448799354;1.0000000000000027;2.000000000000008;1295
14;2;-2.539269373234262;0.9999999999999998;1.999999999999999;1295
14;2;-2.5389861716818203;1.0000000000000002;2.000000000000001;1295
14;2;-2.4620955305695063;0;8.000000000000007;1295
14;2;-2.6629105528721055;1.0000000000000004;6.0000000000000036;1295
14;2;-2.5322842040878157;0.9999999999999998;1.9999999999999993;1295
14;2;-2.6730969178046777;1.0000000000000007;6.000000000000005;1295
14;2;-2.524749765359836;0.9999999999999993;1.9999999999999984;1295
14;2;-2.522594959985156;1.;2.0000000000000004;1295
14;2;-2.5189321382882923;1.0000000000000002;2.000000000000001;1295
14;2;-2.684942084194269;1.0000000000000002;6.000000000000003;1295
14;2;-2.5143958216101367;1.0000000000000007;2.0000000000000018;1295
14;2;-2.507754437929698;1.0000000000000002;2.000000000000001;1295
14;2;-2.5075671737764083;0.9999999999999993;1.9999999999999978;1295
14;2;-2.696940422968275;1.;5.999999999999999;1295
14;2;-2.502736393066037;1.000000000000001;2.0000000000000027;1295
14;2;-2.4941466858148544;1.0000000000000002;2.;1295
14;2;-2.4891594616860786;0.9999999999999998;1.9999999999999991;1295
14;2;-2.7129836391834345;1.0000000000000016;6.000000000000012;1295
14;2;-2.4829914685082954;1.;2.;1295
14;2;-2.3191098302123265;2.000000000000001;0;1295
14;2;-2.4769520119030304;0.9999999999999998;1.9999999999999991;1295
14;2;-2.523272777834009;0;8.000000000000018;1295
14;2;-2.475293076849809;0.9999999999999998;1.9999999999999996;1295
14;2;-2.3325183918241805;1.9999999999999996;0;1295
14;2;-2.465031030746772;0.9999999999999993;1.9999999999999978;1295
14;2;-2.541028775436125;0;8.;1295
14;2;-2.4545249377539733;0.9999999999999991;1.9999999999999973;1295
14;2;-2.452423966383037;0.9999999999999998;1.9999999999999991;1295
14;2;-2.3477156716847105;2.000000000000001;0;1295
14;2;-2.5511078855898432;0;8.000000000000018;1295
14;2;-2.4481562828225663;1.0000000000000002;2.000000000000001;1295
14;2;-2.363588171215305;2.;0;1295
14;2;-2.4329705895946887;1.000000000000001;2.0000000000000036;1295
14;2;-2.370061901789029;2.;0;1295
14;2;-2.4229822272865746;0.9999999999999989;1.9999999999999964;1295
14;2;-2.5792926761708017;0;8.;1295
14;2;-2.4180139249733443;0.9999999999999993;1.999999999999998;1295
14;2;-2.383316220455754;1.9999999999999987;0;1295
14;2;-2.407480850508037;1.0000000000000007;2.0000000000000018;1295
14;2;-2.3981598474688184;1.9999999999999996;0;1295
14;2;-2.39702058626532;1.;2.;1295
14;2;-2.606254489226174;0;8.;1295
14;2;-2.4106028773731865;2.0000000000000004;0;1295
14;2;-2.4226853713941736;2.0000000000000036;0;1295
14;2;-2.6241762479240123;0;8.000000000000002;1295
14;2;-2.6344410783573338;0;8.000000000000004;1295
14;2;-2.441609877797987;2.0000000000000004;0;1295
14;2;-2.4429337491966265;2.0000000000000004;0;1295
14;2;-2.6479274620779734;0;7.999999999999997;1295
14;2;-2.4530077235520693;2.0000000000000013;0;1295
14;2;-2.462482177139819;2.000000000000001;0;1295
14;2;-2.4651063915038662;2.0000000000000004;0;1295
14;2;-2.666585097761889;0;8.000000000000004;1295
14;2;-2.6729144903084503;0;8.;1295
14;2;-2.477956521209606;2.0000000000000018;0;1295
14;2;-2.4798721014910967;2.0000000000000018;0;1295
14;2;-2.6865504042208315;0;8.000000000000007;1295
14;2;-2.4923203224450035;2.0000000000000018;0;1295
14;2;-2.495544762257765;2.000000000000001;0;1295
14;2;-2.502409058812077;1.9999999999999996;0;1295
14;2;-2.508414931202637;2.000000000000001;0;1295
14;2;-2.512857595406892;2.0000000000000004;0;1295
14;2;-2.713075375822335;0;7.999999999999998;1295
14;2;-2.7435947491985146;0;8.;1295
14;2;-2.5488973848693917;1.9999999999999996;0;1295
14;2;-2.555497622524527;2.0000000000000013;0;1295
14;2;-2.762155936225099;0;8.000000000000007;1295
14;2;-2.807495838937726;0;6.000000000000009;1295
14;2;-2.77120008359136;0;5.999999999999992;1295
14;2;-2.764444301480715;0;6.000000000000002;1295
14;2;-2.555187863394238;2.000000000000001;-2.000000000000002;1295
14;2;-2.53775369290085;2.000000000000003;-2.0000000000000053;1295
14;2;-2.7306681512392785;0;6.000000000000007;1295
14;2;-2.520403847276789;1.9999999999999996;-1.9999999999999996;1295
14;2;-2.517037536968374;2.0000000000000018;-2.0000000000000027;1295
14;2;-2.5109081755315827;2.000000000000002;-2.000000000000004;1295
14;2;-2.5074311653785486;1.9999999999999991;-1.999999999999999;1295
14;2;-2.7071906188040558;0;6.000000000000009;1295
14;2;-2.702630558308549;0;6.;1295
14;2;-2.490962501236332;2.0000000000000018;-2.0000000000000036;1295
14;2;-2.6901918207996047;0;6.000000000000002;1295
14;2;-2.4797030459532152;2.0000000000000004;-2.000000000000001;1295
14;2;-2.6773709232737843;0;6.;1295
14;2;-2.67292856988513;0;5.999999999999998;1295
14;2;-2.470880747518372;2.;-2.0000000000000004;1295
14;2;-2.6703638794759996;0;6.000000000000005;1295
14;2;-2.460038113621451;2.000000000000002;-2.0000000000000036;1295
14;2;-2.656796469739028;0;6.000000000000007;1295
14;2;-2.455971086247054;2.0000000000000027;-2.000000000000005;1295
14;2;-2.6476027011061376;0;6.000000000000003;1295
14;2;-2.446318954806351;1.9999999999999996;-1.999999999999999;1295
14;2;-2.4448130352966473;1.9999999999999987;-1.9999999999999982;1295
14;2;-2.439121572002392;2.0000000000000013;-2.000000000000002;1295
14;2;-2.6368137877847317;0;6.000000000000002;1295
14;2;-2.4366817404800614;2.000000000000001;-2.0000000000000018;1295
14;2;-2.6303577576078396;0;6.000000000000002;1295
14;2;-2.626787085139952;0;6.000000000000005;1295
14;2;-2.417140584369463;1.9999999999999996;-1.9999999999999996;1295
14;2;-2.614218055790481;0;6.000000000000005;1295
14;2;-2.609659418071999;0;6.000000000000002;1295
14;2;-2.3933536469188965;2.0000000000000013;-2.0000000000000018;1295
14;2;-2.4115667632910203;1.0000000000000002;4.000000000000002;1295
14;2;-2.585755181485446;0;5.999999999999996;1295
14;2;-2.4233759887308395;0.9999999999999991;3.999999999999995;1295
14;2;-2.5726407110740297;0;6.000000000000002;1295
14;2;-2.430624966033328;1.0000000000000002;4.000000000000002;1295
14;2;-2.365265870270342;2.0000000000000036;-2.0000000000000053;1295
14;2;-2.364203448249249;1.9999999999999996;-1.9999999999999991;1295
14;2;-2.5617942673586214;0;6.000000000000005;1295
14;2;-2.3589229351995087;2.0000000000000004;-2.000000000000001;1295
14;2;-2.445808554142758;1.;4.;1295
14;2;-2.34923183683798;2.000000000000001;-2.0000000000000018;1295
14;2;-2.744144491019135;1.0000000000000016;4.000000000000009;1295
14;2;-2.458539902992719;0.9999999999999993;3.999999999999996;1295
14;2;-2.4588868704488007;0.9999999999999987;3.999999999999992;1295
14;2;-2.5404941573418256;0;6.000000000000019;1295
14;2;-2.4666756464348083;1.000000000000001;4.000000000000006;1295
14;2;-2.7332875078190995;1.0000000000000018;4.000000000000011;1295
14;2;-2.3227752837598885;2.0000000000000013;-2.0000000000000027;1295
14;2;-2.479337643270256;0.9999999999999982;3.9999999999999885;1295
14;2;-2.48520393493866;1.;4.;1295
14;2;-2.511374494954481;0;6.0000000000000036;1295
14;2;-2.509714022179452;0;6.0000000000000036;1295
14;2;-2.7065565840284407;1.0000000000000002;4.000000000000002;1295
14;2;-2.500900364791306;0;6.000000000000007;1295
14;2;-2.5002768522783327;0.9999999999999998;3.9999999999999982;1295
14;2;-2.502914429718018;1.0000000000000002;4.000000000000001;1295
14;2;-2.507617534481753;1.0000000000000007;4.0000000000000036;1295
14;2;-2.5104317654346815;0.9999999999999993;3.999999999999996;1295
14;2;-2.6866692868701207;0.9999999999999998;3.9999999999999987;1295
14;2;-2.682326414404514;1.0000000000000007;4.0000000000000036;1295
14;2;-2.5202593211014346;1.0000000000000002;4.000000000000001;1295
14;2;-2.679580139316897;1.0000000000000016;4.000000000000009;1295
14;2;-2.522810889404205;1.0000000000000004;4.0000000000000036;1295
14;2;-2.4745890452736816;0;6.000000000000011;1295
14;2;-2.67320822329215;1.0000000000000002;4.000000000000002;1295
14;2;-2.528410608399561;1.0000000000000009;4.000000000000005;1295
14;2;-2.67056155969712;1.0000000000000009;4.000000000000005;1295
14;2;-2.534154328042213;1.000000000000001;4.000000000000006;1295
14;2;-2.664703876944131;0.9999999999999991;3.9999999999999947;1295
14;2;-2.5372299682735076;0.9999999999999989;3.9999999999999933;1295
14;2;-2.6590871171564245;1.000000000000001;4.000000000000007;1295
14;2;-2.6555281069855425;1.0000000000000007;4.000000000000004;1295
14;2;-2.54519774460622;1.0000000000000002;4.000000000000002;1295
14;2;-2.652506343997608;1.0000000000000007;4.0000000000000036;1295
14;2;-2.646513398604867;1.0000000000000002;4.000000000000002;1295
14;2;-2.5538250354344996;1.000000000000001;4.000000000000007;1295
14;2;-2.5591255967469593;1.0000000000000002;4.000000000000003;1295
14;2;-2.5610799648820475;0.9999999999999998;3.9999999999999982;1295
14;2;-2.5621973701069223;1.0000000000000004;4.000000000000003;1295
14;2;-2.6345943736290636;1.;3.999999999999999;1295
14;2;-2.569904795598461;1.0000000000000009;4.000000000000004;1295
14;2;-2.627322204274016;1.;4.;1295
14;2;-2.5730346204639787;1.0000000000000016;4.00000000000001;1295
14;2;-2.6227832259489716;1.0000000000000007;4.0000000000000036;1295
14;2;-2.5777295450242477;1.0000000000000002;4.000000000000002;1295
14;2;-2.6181756318197174;0.999999999999998;3.999999999999989;1295
14;2;-2.5827354538317095;0.9999999999999989;3.999999999999994;1295
14;2;-2.586554605566789;1.;3.9999999999999996;1295
14;2;-2.612784043312921;1.0000000000000002;4.;1295
14;2;-2.6126985709660246;0.9999999999999998;3.9999999999999982;1295
14;2;-2.610243743657165;1.0000000000000016;4.000000000000009;1295
14;2;-2.5897993375514474;0.9999999999999993;3.9999999999999964;1295
14;2;-2.595747179438675;1.0000000000000009;4.000000000000006;1295
14;2;-2.6018564706813407;1.0000000000000007;4.000000000000004;1295
14;2;-2.5464790894432667;2.0000000000000018;0;1295